id,type,frame,magnitude,map,path
kol_libra,ship,,,material,graphics/maps/ship_glib/kol_libra_material.png
kol_libra_under,ship,,,material,graphics/maps/ship_glib/kol_libra_under_material.png
kol_libra_rear,ship,,,material,graphics/maps/ship_glib/kol_libra_rear_material.png
kol_libra_tl,ship,,,material,graphics/maps/ship_glib/kol_libra_tl_material.png
kol_libra_tr,ship,,,material,graphics/maps/ship_glib/kol_libra_tr_material.png
kol_libra_ml,ship,,,material,graphics/maps/ship_glib/kol_libra_ml_material.png
kol_libra_mr,ship,,,material,graphics/maps/ship_glib/kol_libra_mr_material.png
kol_libra_ml2,ship,,,material,graphics/maps/ship_glib/kol_libra_ml2_material.png
kol_libra_mr2,ship,,,material,graphics/maps/ship_glib/kol_libra_mr2_material.png
,,,,,
kol_libra,ship,,,surface,graphics/maps/ship_glib/kol_libra_surface.png
kol_libra_under,ship,,,surface,graphics/maps/ship_glib/kol_libra_under_surface.png
kol_libra_rear,ship,,,surface,graphics/maps/ship_glib/kol_libra_rear_surface.png
kol_libra_tl,ship,,,surface,graphics/maps/ship_glib/kol_libra_tl_surface.png
kol_libra_tr,ship,,,surface,graphics/maps/ship_glib/kol_libra_tr_surface.png
kol_libra_ml,ship,,,surface,graphics/maps/ship_glib/kol_libra_ml_surface.png
kol_libra_mr,ship,,,surface,graphics/maps/ship_glib/kol_libra_mr_surface.png
kol_libra_ml2,ship,,,surface,graphics/maps/ship_glib/kol_libra_ml2_surface.png
kol_libra_mr2,ship,,,surface,graphics/maps/ship_glib/kol_libra_mr2_surface.png
,,,,,
#mat,,,,,
kol_blaze,ship,,,material,graphics/maps/ship_glib/kol_blaze_material.png
kol_boss_retribution_path,ship,,,material,graphics/maps/ship_glib/kol_boss_retribution_path_material.png
kol_invictus,ship,,,material,graphics/maps/ship_glib/kol_invictus_material.png
kol_invictus_lp,ship,,,material,graphics/maps/ship_glib/kol_invictus_lp_material.png
,,,,,
kol_hex,ship,,,material,graphics/maps/ship_glib/fighters/kol_hex_material.png
,,,,,graphics/maps/ship_glib/fighters/kol_hex_material.png
kol_alysse,ship,,,material,graphics/maps/ship_glib/kol_alysse_material.png
kol_alysse_tl,ship,,,material,graphics/maps/ship_glib/modules/kol_alysse_tl_material.png
kol_alysse_tr,ship,,,material,graphics/maps/ship_glib/modules/kol_alysse_tr_material.png
kol_alysse_lr,ship,,,material,graphics/maps/ship_glib/modules/kol_alysse_lr_material.png
kol_alysse_ll,ship,,,material,graphics/maps/ship_glib/modules/kol_alysse_ll_material.png
,,,,,
kol_deco_alysse_ll,hardpoint,,,material,graphics/maps/ship_glib/decos/kol_deco_alysse_ll_material.png
kol_deco_alysse_ll,turret,,,material,graphics/maps/ship_glib/decos/kol_deco_alysse_ll_material.png
kol_deco_alysse_lr,hardpoint,,,material,graphics/maps/ship_glib/decos/kol_deco_alysse_lr_material.png
kol_deco_alysse_lr,turret,,,material,graphics/maps/ship_glib/decos/kol_deco_alysse_lr_material.png
,,,,,
kol_lunaria,ship,,,material,graphics/maps/ship_glib/kol_lunaria_material.png
kol_lunaria_ll,ship,,,material,graphics/maps/ship_glib/modules/kol_lunaria_ll_material.png
kol_lunaria_lr,ship,,,material,graphics/maps/ship_glib/modules/kol_lunaria_lr_material.png
kol_lunaria_ml,ship,,,material,graphics/maps/ship_glib/modules/kol_lunaria_ml_material.png
kol_lunaria_mr,ship,,,material,graphics/maps/ship_glib/modules/kol_lunaria_mr_material.png
kol_lunaria_tl,ship,,,material,graphics/maps/ship_glib/modules/kol_lunaria_tl_material.png
kol_lunaria_tr,ship,,,material,graphics/maps/ship_glib/modules/kol_lunaria_tr_material.png
,,,,,
kol_larkspur,ship,,,material,graphics/maps/ship_glib/kol_larkspur_material.png
kol_larkspur_tl,ship,,,material,graphics/maps/ship_glib/modules/kol_larkspur_tl_material.png
kol_larkspur_tr,ship,,,material,graphics/maps/ship_glib/modules/kol_larkspur_tr_material.png
,,,,,
kol_deco_larkspur_front,hardpoint,,,material,graphics/maps/ship_glib/decos/kol_deco_larkspur_front_material.png
kol_deco_larkspur_front,turret,,,material,graphics/maps/ship_glib/decos/kol_deco_larkspur_front_material.png
kol_deco_larkspur_tl,hardpoint,,,material,graphics/maps/ship_glib/decos/kol_deco_larkspur_tl_material.png
kol_deco_larkspur_tl,turret,,,material,graphics/maps/ship_glib/decos/kol_deco_larkspur_tl_material.png
kol_deco_larkspur_tr,hardpoint,,,material,graphics/maps/ship_glib/decos/kol_deco_larkspur_tr_material.png
kol_deco_larkspur_tr,turret,,,material,graphics/maps/ship_glib/decos/kol_deco_larkspur_tr_material.png
,,,,,
kol_tamarisk,ship,,,material,graphics/maps/ship_glib/kol_tamarisk_material.png
kol_tamarisk_ll,ship,,,material,graphics/maps/ship_glib/modules/kol_tamarisk_ll_material.png
kol_tamarisk_lr,ship,,,material,graphics/maps/ship_glib/modules/kol_tamarisk_lr_material.png
kol_tamarisk_tl,ship,,,material,graphics/maps/ship_glib/modules/kol_tamarisk_tl_material.png
kol_tamarisk_tr,ship,,,material,graphics/maps/ship_glib/modules/kol_tamarisk_tr_material.png
,,,,,
kol_deco_tamarisk_front,hardpoint,,,material,graphics/maps/ship_glib/decos/kol_deco_tamarisk_front_material.png
kol_deco_tamarisk_front,turret,,,material,graphics/maps/ship_glib/decos/kol_deco_tamarisk_front_material.png
,,,,,
kol_sundew,ship,,,material,graphics/maps/ship_glib/kol_sundew_material.png
kol_sundew_tl,ship,,,material,graphics/maps/ship_glib/modules/kol_sundew_tl_material.png
kol_sundew_tr,ship,,,material,graphics/maps/ship_glib/modules/kol_sundew_tr_material.png
,,,,,
kol_mimosa,ship,,,material,graphics/maps/ship_glib/kol_mimosa_material.png
kol_mimosa_tl,ship,,,material,graphics/maps/ship_glib/modules/kol_mimosa_tl_material.png
kol_mimosa_tr,ship,,,material,graphics/maps/ship_glib/modules/kol_mimosa_tr_material.png
,,,,,
kol_marigold,ship,,,material,graphics/maps/ship_glib/kol_marigold_material.png
kol_marigold_tl,ship,,,material,graphics/maps/ship_glib/modules/kol_marigold_tl_material.png
kol_marigold_tr,ship,,,material,graphics/maps/ship_glib/modules/kol_marigold_tr_material.png
,,,,,
kol_snowdrop,ship,,,material,graphics/maps/ship_glib/kol_snowdrop_material.png
kol_snowdrop_ll,ship,,,material,graphics/maps/ship_glib/modules/kol_snowdrop_ll_material.png
kol_snowdrop_lr,ship,,,material,graphics/maps/ship_glib/modules/kol_snowdrop_lr_material.png
kol_snowdrop_tl,ship,,,material,graphics/maps/ship_glib/modules/kol_snowdrop_tl_material.png
kol_snowdrop_tr,ship,,,material,graphics/maps/ship_glib/modules/kol_snowdrop_tr_material.png
,,,,,
kol_protea,ship,,,material,graphics/maps/ship_glib/kol_protea_material.png
,,,,,
kol_deco_protea_l,hardpoint,,,material,graphics/maps/ship_glib/decos/kol_deco_protea_l_material.png
kol_deco_protea_l,turret,,,material,graphics/maps/ship_glib/decos/kol_deco_protea_l_material.png
kol_deco_protea_r,hardpoint,,,material,graphics/maps/ship_glib/decos/kol_deco_protea_r_material.png
kol_deco_protea_r,turret,,,material,graphics/maps/ship_glib/decos/kol_deco_protea_r_material.png
kol_deco_protea_mid,hardpoint,,,material,graphics/maps/ship_glib/decos/kol_deco_protea_mid_material.png
kol_deco_protea_mid,turret,,,material,graphics/maps/ship_glib/decos/kol_deco_protea_mid_material.png
,,,,,
kol_lotus,ship,,,material,graphics/maps/ship_glib/kol_lotus_material.png
kol_lotus_ll,ship,,,material,graphics/maps/ship_glib/modules/kol_lotus_ll_material.png
kol_lotus_lr,ship,,,material,graphics/maps/ship_glib/modules/kol_lotus_lr_material.png
kol_lotus_tl,ship,,,material,graphics/maps/ship_glib/modules/kol_lotus_tl_material.png
kol_lotus_tr,ship,,,material,graphics/maps/ship_glib/modules/kol_lotus_tr_material.png
,,,,,
# weapon,,,,,
kol_caelia,hardpoint,,,material,graphics/maps/weapon_glib/kol_caelia_hardpoint_base_material.png
kol_caelia,hardpointbarrel,,,material,graphics/maps/weapon_glib/kol_caelia_hardpoint_recoil_material.png
kol_caelia,turret,,,material,graphics/maps/weapon_glib/kol_caelia_turret_base_material.png
kol_caelia,turretbarrel,,,material,graphics/maps/weapon_glib/kol_caelia_turret_recoil_material.png
kol_tor,hardpoint,,,material,graphics/maps/weapon_glib/kol_tor_hardpoint_base_material.png
kol_tor,hardpointbarrel,,,material,graphics/maps/weapon_glib/kol_tor_hardpoint_recoil_material.png
kol_tor,turret,,,material,graphics/maps/weapon_glib/kol_tor_turret_base_material.png
kol_tor,turretbarrel,,,material,graphics/maps/weapon_glib/kol_tor_turret_recoil_material.png
kol_llyr,hardpoint,,,material,graphics/maps/weapon_glib/kol_llyr_hardpoint_base_material.png
kol_llyr,hardpointbarrel,,,material,graphics/maps/weapon_glib/kol_llyr_hardpoint_recoil_material.png
kol_llyr,turret,,,material,graphics/maps/weapon_glib/kol_llyr_turret_base_material.png
kol_llyr,turretbarrel,,,material,graphics/maps/weapon_glib/kol_llyr_turret_recoil_material.png
kol_lunete,hardpoint,,,material,graphics/maps/weapon_glib/kol_lunete_hardpoint_material.png
kol_lunete,turret,,,material,graphics/maps/weapon_glib/kol_lunete_hardpoint_material.png
,,,,,
#missile missile MISSILE,,,,,
zea_edf_harpoon_mrm,missile,,,material,graphics/maps/missiles_glib/kol_harpoon_but_its_long_material.png
kol_lunete_proj,missile,,,material,graphics/maps/missiles_glib/kol_lunete_msl_material.png
zea_inferno_canister_flak_proj,missile,,,material,graphics/maps/missiles_glib/zea_boss_nian_inferno_canister_material.png
,,,,,
#guns.. moar guns… I said MORE GUNS,,,,,
zea_nian_maingun,hardpoint,,,material,graphics/maps/weapon_glib/kol_niangun_hardpoint_base_material.png
zea_nian_maingun,hardpointbarrel,,,material,graphics/maps/weapon_glib/kol_niangun_hardpoint_recoil_material.png
zea_mazuma_s,hardpoint,,,material,graphics/maps/weapon_glib/kol_mazuma_s_base_material.png
zea_mazuma_s,turret,,,material,graphics/maps/weapon_glib/kol_mazuma_s_base_material.png
zea_mazuma_m,hardpoint,,,material,graphics/maps/weapon_glib/kol_mazuma_m_base_material.png
zea_mazuma_m,turret,,,material,graphics/maps/weapon_glib/kol_mazuma_m_base_material.png
zea_hosta_l,hardpoint,,,material,graphics/maps/weapon_glib/kol_hosta_l_base_material.png
zea_hosta_l,turret,,,material,graphics/maps/weapon_glib/kol_hosta_l_base_material.png
zea_hosta_m,hardpoint,,,material,graphics/maps/weapon_glib/kol_hosta_m_base_material.png
zea_hosta_m,turret,,,material,graphics/maps/weapon_glib/kol_hosta_m_base_material.png
zea_hosta_s,hardpoint,,,material,graphics/maps/weapon_glib/kol_hosta_s_base_material.png
zea_hosta_s,turret,,,material,graphics/maps/weapon_glib/kol_hosta_s_base_material.png
zea_myoga_driver,hardpoint,,,material,graphics/maps/weapon_glib/kol_ultravelocity_driver_material.png
zea_myoga_driver,turret,,,material,graphics/maps/weapon_glib/kol_ultravelocity_driver_material.png
zea_nanten_l,hardpoint,,,material,graphics/maps/weapon_glib/kol_nanten_l_base_material.png
zea_nanten_l,turret,,,material,graphics/maps/weapon_glib/kol_nanten_l_base_material.png
zea_nanten_s,hardpoint,,,material,graphics/maps/weapon_glib/kol_nanten_s_base_material.png
zea_nanten_s,turret,,,material,graphics/maps/weapon_glib/kol_nanten_s_base_material.png
zea_plasma_chaingun,hardpoint,,,material,graphics/maps/weapon_glib/kol_plasma_chaingun_base_material.png
zea_plasma_chaingun,hardpointbarrel,,,material,graphics/maps/weapon_glib/kol_plasma_chaingun_recoil_material.png
zea_plasma_chaingun,turret,,,material,graphics/maps/weapon_glib/kol_plasma_chaingun_base_material.png
zea_plasma_chaingun,turretbarrel,,,material,graphics/maps/weapon_glib/kol_plasma_chaingun_recoil_material.png
zea_styrax_driver,hardpoint,,,material,graphics/maps/weapon_glib/kol_fancyrail_hardpoint_base_material.png
zea_styrax_driver,turret,,,material,graphics/maps/weapon_glib/kol_fancyrail_turret_base_material.png
zea_thermal_cannon,hardpoint,,,material,graphics/maps/weapon_glib/kol_cannonL_material.png
zea_thermal_cannon,turret,,,material,graphics/maps/weapon_glib/kol_cannonL_material.png
kol_buckler_amm,hardpoint,,,material,graphics/maps/weapon_glib/kol_amm2_s_hardpoint_material.png
kol_buckler_amm,turret,,,material,graphics/maps/weapon_glib/kol_amm2_s_turret_material.png
kol_drian,hardpoint,,,material,graphics/maps/weapon_glib/kol_drian_s_hardpoint_material.png
kol_drian,turret,,,material,graphics/maps/weapon_glib/kol_drian_s_turret_material.png
,,,,,
#its raining decoooooooooooos,,,,,
kol_pusherplate_lt_but_cute,hardpoint,,,material,graphics/maps/weapon_glib/decorative/kol_pusherplate_lt_but_cute_material.png
kol_pusherplate_lt_but_cute,turret,,,material,graphics/maps/weapon_glib/decorative/kol_pusherplate_lt_but_cute_material.png
kol_pusherplate_lt_but_slightly_smaller_seriously_its_just_like_2_pixels_lol,hardpoint,,,material,graphics/maps/weapon_glib/decorative/kol_pusherplate_lt_but_slightly_smaller_seriously_its_just_like_2_pixels_lol_material.png
kol_pusherplate_lt_but_slightly_smaller_seriously_its_just_like_2_pixels_lol,turret,,,material,graphics/maps/weapon_glib/decorative/kol_pusherplate_lt_but_slightly_smaller_seriously_its_just_like_2_pixels_lol_material.png
zea_deco_dawn_engL,hardpoint,,,material,graphics/maps/weapon_glib/decos/zea_dawn_engL_material.png
zea_deco_dawn_engL,turret,,,material,graphics/maps/weapon_glib/decos/zea_dawn_engL_material.png
zea_deco_dawn_engM,hardpoint,,,material,graphics/maps/weapon_glib/decos/zea_dawn_engM_material.png
zea_deco_dawn_engM,turret,,,material,graphics/maps/weapon_glib/decos/zea_dawn_engM_material.png
zea_deco_edf_engL,hardpoint,,,material,graphics/maps/weapon_glib/decos/zea_deco_edf_engL_material.png
zea_deco_edf_engL,turret,,,material,graphics/maps/weapon_glib/decos/zea_deco_edf_engL_material.png
zea_deco_edf_engL2,hardpoint,,,material,graphics/maps/weapon_glib/decos/zea_deco_edf_engL2_material.png
zea_deco_edf_engL2,turret,,,material,graphics/maps/weapon_glib/decos/zea_deco_edf_engL2_material.png
zea_deco_edf_engS,hardpoint,,,material,graphics/maps/weapon_glib/decos/zea_deco_edf_engS_material.png
zea_deco_edf_engS,turret,,,material,graphics/maps/weapon_glib/decos/zea_deco_edf_engS_material.png
zea_deco_edf_wani_ml,hardpoint,,,material,graphics/maps/ship_glib/decos/zea_deco_edf_wani_ml_material.png
zea_deco_edf_wani_ml,turret,,,material,graphics/maps/ship_glib/decos/zea_deco_edf_wani_ml_material.png
zea_deco_edf_wani_mr,hardpoint,,,material,graphics/maps/ship_glib/decos/zea_deco_edf_wani_mr_material.png
zea_deco_edf_wani_mr,turret,,,material,graphics/maps/ship_glib/decos/zea_deco_edf_wani_mr_material.png
kol_deco_snowdrop_tl,hardpoint,,,material,graphics/maps/ship_glib/decos/kol_deco_snowdrop_tl_material.png
kol_deco_snowdrop_tl,turret,,,material,graphics/maps/ship_glib/decos/kol_deco_snowdrop_tl_material.png
kol_deco_snowdrop_tr,hardpoint,,,material,graphics/maps/ship_glib/decos/kol_deco_snowdrop_tr_material.png
kol_deco_snowdrop_tr,turret,,,material,graphics/maps/ship_glib/decos/kol_deco_snowdrop_tr_material.png
,,,,,
#surface,,,,,
kol_blaze,ship,,,surface,graphics/maps/ship_glib/kol_blaze_surface.png
kol_boss_retribution_path,ship,,,surface,graphics/maps/ship_glib/kol_boss_retribution_path_surface.png
kol_invictus,ship,,,surface,graphics/maps/ship_glib/kol_invictus_surface.png
kol_invictus_lp,ship,,,surface,graphics/maps/ship_glib/kol_invictus_lp_surface.png
,,,,,
kol_hex,ship,,,surface,graphics/maps/ship_glib/fighters/kol_hex_surface.png
,,,,,
kol_alysse,ship,,,surface,graphics/maps/ship_glib/kol_alysse_surface.png
kol_alysse_tl,ship,,,surface,graphics/maps/ship_glib/modules/kol_alysse_tl_surface.png
kol_alysse_tr,ship,,,surface,graphics/maps/ship_glib/modules/kol_alysse_tr_surface.png
kol_alysse_lr,ship,,,surface,graphics/maps/ship_glib/modules/kol_alysse_lr_surface.png
kol_alysse_ll,ship,,,surface,graphics/maps/ship_glib/modules/kol_alysse_ll_surface.png
,,,,,
kol_deco_alysse_ll,hardpoint,,,surface,graphics/maps/ship_glib/decos/kol_deco_alysse_ll_surface.png
kol_deco_alysse_ll,turret,,,surface,graphics/maps/ship_glib/decos/kol_deco_alysse_ll_surface.png
kol_deco_alysse_lr,hardpoint,,,surface,graphics/maps/ship_glib/decos/kol_deco_alysse_lr_surface.png
kol_deco_alysse_lr,turret,,,surface,graphics/maps/ship_glib/decos/kol_deco_alysse_lr_surface.png
,,,,,
kol_lunaria,ship,,,surface,graphics/maps/ship_glib/kol_lunaria_surface.png
kol_lunaria_ll,ship,,,surface,graphics/maps/ship_glib/modules/kol_lunaria_ll_surface.png
kol_lunaria_lr,ship,,,surface,graphics/maps/ship_glib/modules/kol_lunaria_lr_surface.png
kol_lunaria_ml,ship,,,surface,graphics/maps/ship_glib/modules/kol_lunaria_ml_surface.png
kol_lunaria_mr,ship,,,surface,graphics/maps/ship_glib/modules/kol_lunaria_mr_surface.png
kol_lunaria_tl,ship,,,surface,graphics/maps/ship_glib/modules/kol_lunaria_tl_surface.png
kol_lunaria_tr,ship,,,surface,graphics/maps/ship_glib/modules/kol_lunaria_tr_surface.png
,,,,,
kol_larkspur,ship,,,surface,graphics/maps/ship_glib/kol_larkspur_surface.png
kol_larkspur_tl,ship,,,surface,graphics/maps/ship_glib/modules/kol_larkspur_tl_surface.png
kol_larkspur_tr,ship,,,surface,graphics/maps/ship_glib/modules/kol_larkspur_tr_surface.png
,,,,,
kol_deco_larkspur_front,hardpoint,,,surface,graphics/maps/ship_glib/decos/kol_deco_larkspur_front_surface.png
kol_deco_larkspur_front,turret,,,surface,graphics/maps/ship_glib/decos/kol_deco_larkspur_front_surface.png
kol_deco_larkspur_tl,hardpoint,,,surface,graphics/maps/ship_glib/decos/kol_deco_larkspur_tl_surface.png
kol_deco_larkspur_tl,turret,,,surface,graphics/maps/ship_glib/decos/kol_deco_larkspur_tl_surface.png
kol_deco_larkspur_tr,hardpoint,,,surface,graphics/maps/ship_glib/decos/kol_deco_larkspur_tr_surface.png
kol_deco_larkspur_tr,turret,,,surface,graphics/maps/ship_glib/decos/kol_deco_larkspur_tr_surface.png
,,,,,
kol_tamarisk,ship,,,surface,graphics/maps/ship_glib/kol_tamarisk_surface.png
kol_tamarisk_ll,ship,,,surface,graphics/maps/ship_glib/modules/kol_tamarisk_ll_surface.png
kol_tamarisk_lr,ship,,,surface,graphics/maps/ship_glib/modules/kol_tamarisk_lr_surface.png
kol_tamarisk_tl,ship,,,surface,graphics/maps/ship_glib/modules/kol_tamarisk_tl_surface.png
kol_tamarisk_tr,ship,,,surface,graphics/maps/ship_glib/modules/kol_tamarisk_tr_surface.png
,,,,,
kol_deco_tamarisk_front,hardpoint,,,surface,graphics/maps/ship_glib/decos/kol_deco_tamarisk_front_surface.png
kol_deco_tamarisk_front,turret,,,surface,graphics/maps/ship_glib/decos/kol_deco_tamarisk_front_surface.png
,,,,,
kol_sundew,ship,,,surface,graphics/maps/ship_glib/kol_sundew_surface.png
kol_sundew_tl,ship,,,surface,graphics/maps/ship_glib/modules/kol_sundew_tl_surface.png
kol_sundew_tr,ship,,,surface,graphics/maps/ship_glib/modules/kol_sundew_tr_surface.png
,,,,,
kol_mimosa,ship,,,surface,graphics/maps/ship_glib/kol_mimosa_surface.png
kol_mimosa_tl,ship,,,surface,graphics/maps/ship_glib/modules/kol_mimosa_tl_surface.png
kol_mimosa_tr,ship,,,surface,graphics/maps/ship_glib/modules/kol_mimosa_tr_surface.png
,,,,,
kol_marigold,ship,,,surface,graphics/maps/ship_glib/kol_marigold_surface.png
kol_marigold_tl,ship,,,surface,graphics/maps/ship_glib/modules/kol_marigold_tl_surface.png
kol_marigold_tr,ship,,,surface,graphics/maps/ship_glib/modules/kol_marigold_tr_surface.png
,,,,,
kol_snowdrop,ship,,,surface,graphics/maps/ship_glib/kol_snowdrop_surface.png
kol_snowdrop_ll,ship,,,surface,graphics/maps/ship_glib/modules/kol_snowdrop_ll_surface.png
kol_snowdrop_lr,ship,,,surface,graphics/maps/ship_glib/modules/kol_snowdrop_lr_surface.png
kol_snowdrop_tl,ship,,,surface,graphics/maps/ship_glib/modules/kol_snowdrop_tl_surface.png
kol_snowdrop_tr,ship,,,surface,graphics/maps/ship_glib/modules/kol_snowdrop_tr_surface.png
,,,,,
kol_protea,ship,,,surface,graphics/maps/ship_glib/kol_protea_surface.png
,,,,,
kol_deco_protea_l,hardpoint,,,surface,graphics/maps/ship_glib/decos/kol_deco_protea_l_surface.png
kol_deco_protea_l,turret,,,surface,graphics/maps/ship_glib/decos/kol_deco_protea_l_surface.png
kol_deco_protea_r,hardpoint,,,surface,graphics/maps/ship_glib/decos/kol_deco_protea_r_surface.png
kol_deco_protea_r,turret,,,surface,graphics/maps/ship_glib/decos/kol_deco_protea_r_surface.png
kol_deco_protea_mid,hardpoint,,,surface,graphics/maps/ship_glib/decos/kol_deco_protea_mid_surface.png
kol_deco_protea_mid,turret,,,surface,graphics/maps/ship_glib/decos/kol_deco_protea_mid_surface.png
,,,,,
kol_lotus,ship,,,surface,graphics/maps/ship_glib/kol_lotus_surface.png
kol_lotus_ll,ship,,,surface,graphics/maps/ship_glib/modules/kol_lotus_ll_surface.png
kol_lotus_lr,ship,,,surface,graphics/maps/ship_glib/modules/kol_lotus_lr_surface.png
kol_lotus_tl,ship,,,surface,graphics/maps/ship_glib/modules/kol_lotus_tl_surface.png
kol_lotus_tr,ship,,,surface,graphics/maps/ship_glib/modules/kol_lotus_tr_surface.png
,,,,,
# weapon,,,,,
kol_caelia,hardpoint,,,surface,graphics/maps/weapon_glib/kol_caelia_hardpoint_base_surface.png
kol_caelia,hardpointbarrel,,,surface,graphics/maps/weapon_glib/kol_caelia_hardpoint_recoil_surface.png
kol_caelia,turret,,,surface,graphics/maps/weapon_glib/kol_caelia_turret_base_surface.png
kol_caelia,turretbarrel,,,surface,graphics/maps/weapon_glib/kol_caelia_turret_recoil_surface.png
kol_tor,hardpoint,,,surface,graphics/maps/weapon_glib/kol_tor_hardpoint_base_surface.png
kol_tor,hardpointbarrel,,,surface,graphics/maps/weapon_glib/kol_tor_hardpoint_recoil_surface.png
kol_tor,turret,,,surface,graphics/maps/weapon_glib/kol_tor_turret_base_surface.png
kol_tor,turretbarrel,,,surface,graphics/maps/weapon_glib/kol_tor_turret_recoil_surface.png
kol_llyr,hardpoint,,,surface,graphics/maps/weapon_glib/kol_llyr_hardpoint_base_surface.png
kol_llyr,hardpointbarrel,,,surface,graphics/maps/weapon_glib/kol_llyr_hardpoint_recoil_surface.png
kol_llyr,turret,,,surface,graphics/maps/weapon_glib/kol_llyr_turret_base_surface.png
kol_llyr,turretbarrel,,,surface,graphics/maps/weapon_glib/kol_llyr_turret_recoil_surface.png
kol_lunete,hardpoint,,,surface,graphics/maps/weapon_glib/kol_lunete_hardpoint_surface.png
kol_lunete,turret,,,surface,graphics/maps/weapon_glib/kol_lunete_hardpoint_surface.png
,,,,,
#missile missile MISSILE,,,,,
zea_edf_harpoon_mrm,missile,,,surface,graphics/maps/missiles_glib/kol_harpoon_but_its_long_surface.png
kol_lunete_proj,missile,,,surface,graphics/maps/missiles_glib/kol_lunete_msl_surface.png
zea_inferno_canister_flak_proj,missile,,,surface,graphics/maps/missiles_glib/zea_boss_nian_inferno_canister_surface.png
,,,,,
#guns.. moar guns… I said MORE GUNS,,,,,
zea_nian_maingun,hardpoint,,,surface,graphics/maps/weapon_glib/kol_niangun_hardpoint_base_surface.png
zea_nian_maingun,hardpointbarrel,,,surface,graphics/maps/weapon_glib/kol_niangun_hardpoint_recoil_surface.png
zea_mazuma_s,hardpoint,,,surface,graphics/maps/weapon_glib/kol_mazuma_s_base_surface.png
zea_mazuma_s,turret,,,surface,graphics/maps/weapon_glib/kol_mazuma_s_base_surface.png
zea_mazuma_m,hardpoint,,,surface,graphics/maps/weapon_glib/kol_mazuma_m_base_surface.png
zea_mazuma_m,turret,,,surface,graphics/maps/weapon_glib/kol_mazuma_m_base_surface.png
zea_hosta_l,hardpoint,,,surface,graphics/maps/weapon_glib/kol_hosta_l_base_surface.png
zea_hosta_l,turret,,,surface,graphics/maps/weapon_glib/kol_hosta_l_base_surface.png
zea_hosta_m,hardpoint,,,surface,graphics/maps/weapon_glib/kol_hosta_m_base_surface.png
zea_hosta_m,turret,,,surface,graphics/maps/weapon_glib/kol_hosta_m_base_surface.png
zea_hosta_s,hardpoint,,,surface,graphics/maps/weapon_glib/kol_hosta_s_base_surface.png
zea_hosta_s,turret,,,surface,graphics/maps/weapon_glib/kol_hosta_s_base_surface.png
zea_myoga_driver,hardpoint,,,surface,graphics/maps/weapon_glib/kol_ultravelocity_driver_surface.png
zea_myoga_driver,turret,,,surface,graphics/maps/weapon_glib/kol_ultravelocity_driver_surface.png
zea_nanten_l,hardpoint,,,surface,graphics/maps/weapon_glib/kol_nanten_l_base_surface.png
zea_nanten_l,turret,,,surface,graphics/maps/weapon_glib/kol_nanten_l_base_surface.png
zea_nanten_s,hardpoint,,,surface,graphics/maps/weapon_glib/kol_nanten_s_base_surface.png
zea_nanten_s,turret,,,surface,graphics/maps/weapon_glib/kol_nanten_s_base_surface.png
zea_plasma_chaingun,hardpoint,,,surface,graphics/maps/weapon_glib/kol_plasma_chaingun_base_surface.png
zea_plasma_chaingun,hardpointbarrel,,,surface,graphics/maps/weapon_glib/kol_plasma_chaingun_recoil_surface.png
zea_plasma_chaingun,turret,,,surface,graphics/maps/weapon_glib/kol_plasma_chaingun_base_surface.png
zea_plasma_chaingun,turretbarrel,,,surface,graphics/maps/weapon_glib/kol_plasma_chaingun_recoil_surface.png
zea_styrax_driver,hardpoint,,,surface,graphics/maps/weapon_glib/kol_fancyrail_hardpoint_base_surface.png
zea_styrax_driver,turret,,,surface,graphics/maps/weapon_glib/kol_fancyrail_turret_base_surface.png
zea_thermal_cannon,hardpoint,,,surface,graphics/maps/weapon_glib/kol_cannonL_surface.png
zea_thermal_cannon,turret,,,surface,graphics/maps/weapon_glib/kol_cannonL_surface.png
kol_buckler_amm,hardpoint,,,surface,graphics/maps/weapon_glib/kol_amm2_s_hardpoint_surface.png
kol_buckler_amm,turret,,,surface,graphics/maps/weapon_glib/kol_amm2_s_turret_surface.png
kol_drian,hardpoint,,,surface,graphics/maps/weapon_glib/kol_drian_s_hardpoint_surface.png
kol_drian,turret,,,surface,graphics/maps/weapon_glib/kol_drian_s_turret_surface.png
,,,,,
#told you its just decos,,,,,
kol_pusherplate_lt_but_cute,hardpoint,,,surface,graphics/maps/weapon_glib/decorative/kol_pusherplate_lt_but_cute_surface.png
kol_pusherplate_lt_but_cute,turret,,,surface,graphics/maps/weapon_glib/decorative/kol_pusherplate_lt_but_cute_surface.png
kol_pusherplate_lt_but_slightly_smaller_seriously_its_just_like_2_pixels_lol,hardpoint,,,surface,graphics/maps/weapon_glib/decorative/kol_pusherplate_lt_but_slightly_smaller_seriously_its_just_like_2_pixels_lol_surface.png
kol_pusherplate_lt_but_slightly_smaller_seriously_its_just_like_2_pixels_lol,turret,,,surface,graphics/maps/weapon_glib/decorative/kol_pusherplate_lt_but_slightly_smaller_seriously_its_just_like_2_pixels_lol_surface.png
zea_deco_dawn_engL,hardpoint,,,surface,graphics/maps/weapon_glib/decos/zea_dawn_engL_surface.png
zea_deco_dawn_engL,turret,,,surface,graphics/maps/weapon_glib/decos/zea_dawn_engL_surface.png
zea_deco_dawn_engM,hardpoint,,,surface,graphics/maps/weapon_glib/decos/zea_dawn_engM_surface.png
zea_deco_dawn_engM,turret,,,surface,graphics/maps/weapon_glib/decos/zea_dawn_engM_surface.png
zea_deco_edf_engL,hardpoint,,,surface,graphics/maps/weapon_glib/decos/zea_deco_edf_engL_surface.png
zea_deco_edf_engL,turret,,,surface,graphics/maps/weapon_glib/decos/zea_deco_edf_engL_surface.png
zea_deco_edf_engL2,turret,,,surface,graphics/maps/weapon_glib/decos/zea_deco_edf_engL2_surface.png
zea_deco_edf_engL2,turret,,,surface,graphics/maps/weapon_glib/decos/zea_deco_edf_engL2_surface.png
zea_deco_edf_engS,hardpoint,,,surface,graphics/maps/weapon_glib/decos/zea_deco_edf_engS_surface.png
zea_deco_edf_engS,turret,,,surface,graphics/maps/weapon_glib/decos/zea_deco_edf_engS_surface.png
zea_deco_edf_wani_ml,hardpoint,,,surface,graphics/maps/ship_glib/decos/zea_deco_edf_wani_ml_surface.png
zea_deco_edf_wani_ml,turret,,,surface,graphics/maps/ship_glib/decos/zea_deco_edf_wani_ml_surface.png
zea_deco_edf_wani_mr,hardpoint,,,surface,graphics/maps/ship_glib/decos/zea_deco_edf_wani_mr_surface.png
zea_deco_edf_wani_mr,turret,,,surface,graphics/maps/ship_glib/decos/zea_deco_edf_wani_mr_surface.png
kol_deco_snowdrop_tl,hardpoint,,,surface,graphics/maps/ship_glib/decos/kol_deco_snowdrop_tl_surface.png
kol_deco_snowdrop_tl,turret,,,surface,graphics/maps/ship_glib/decos/kol_deco_snowdrop_tl_surface.png
kol_deco_snowdrop_tr,hardpoint,,,surface,graphics/maps/ship_glib/decos/kol_deco_snowdrop_tr_surface.png
kol_deco_snowdrop_tr,turret,,,surface,graphics/maps/ship_glib/decos/kol_deco_snowdrop_tr_surface.png
,,,,,
,,,,,
#can you hear,,,,,
zea_edf_tamamo,ship,,,material,graphics/maps/ship_glib/zea_edf_tamamo_material.png
zea_edf_kitsunebi,ship,,,material,graphics/maps/ship_glib/fighters/zea_edf_kitsunebi_material.png
,,,,,
zea_deco_edf_tamamo_ml,hardpoint,,,material,graphics/maps/ship_glib/decos/zea_deco_edf_tamamo_ml_material.png
zea_deco_edf_tamamo_ml,turret,,,material,graphics/maps/ship_glib/decos/zea_deco_edf_tamamo_ml_material.png
zea_deco_edf_tamamo_mr,hardpoint,,,material,graphics/maps/ship_glib/decos/zea_deco_edf_tamamo_mr_material.png
zea_deco_edf_tamamo_mr,turret,,,material,graphics/maps/ship_glib/decos/zea_deco_edf_tamamo_mr_material.png
,,,,,
zea_boss_amaterasu,ship,,,material,graphics/maps/ship_glib/zea_boss_amaterasu_material.png
,,,,,
zea_deco_edf_amaterasu_front,hardpoint,,,material,graphics/maps/ship_glib/decos/zea_deco_edf_amaterasu_front_material.png
zea_deco_edf_amaterasu_front,turret,,,material,graphics/maps/ship_glib/decos/zea_deco_edf_amaterasu_front_material.png
zea_deco_edf_amaterasu_lights,hardpoint,,,material,graphics/maps/ship_glib/decos/zea_deco_edf_amaterasu_lights_material.png
zea_deco_edf_amaterasu_lights,turret,,,material,graphics/maps/ship_glib/decos/zea_deco_edf_amaterasu_lights_material.png
zea_deco_edf_amaterasu_l,hardpoint,,,material,graphics/maps/ship_glib/decos/zea_deco_edf_amaterasu_l_material.png
zea_deco_edf_amaterasu_l,turret,,,material,graphics/maps/ship_glib/decos/zea_deco_edf_amaterasu_l_material.png
zea_deco_edf_amaterasu_r,hardpoint,,,material,graphics/maps/ship_glib/decos/zea_deco_edf_amaterasu_r_material.png
zea_deco_edf_amaterasu_r,turret,,,material,graphics/maps/ship_glib/decos/zea_deco_edf_amaterasu_r_material.png
,,,,,
zea_boss_corruptingheart,ship,,,material,graphics/maps/ship_glib/zea_boss_corruptingheart_material.png
,,,,,
zea_deco_edf_corruptingheart_l,hardpoint,,,material,graphics/maps/ship_glib/decos/zea_deco_edf_corruptingheart_l_material.png
zea_deco_edf_corruptingheart_l,turret,,,material,graphics/maps/ship_glib/decos/zea_deco_edf_corruptingheart_l_material.png
zea_deco_edf_corruptingheart_r,hardpoint,,,material,graphics/maps/ship_glib/decos/zea_deco_edf_corruptingheart_r_material.png
zea_deco_edf_corruptingheart_r,turret,,,material,graphics/maps/ship_glib/decos/zea_deco_edf_corruptingheart_r_material.png
,,,,,
zea_boss_ninaya,ship,,,material,graphics/maps/ship_glib/zea_boss_ninaya_material.png
,,,,,
zea_deco_boss_ninaya_bridge,hardpoint,,,material,graphics/maps/ship_glib/decos/zea_deco_boss_ninaya_bridge_material.png
zea_deco_boss_ninaya_bridge,turret,,,material,graphics/maps/ship_glib/decos/zea_deco_boss_ninaya_bridge_material.png
zea_deco_boss_ninaya_front,hardpoint,,,material,graphics/maps/ship_glib/decos/zea_deco_boss_ninaya_front_material.png
zea_deco_boss_ninaya_front,turret,,,material,graphics/maps/ship_glib/decos/zea_deco_boss_ninaya_front_material.png
,,,,,
zea_boss_nineveh,ship,,,material,graphics/maps/ship_glib/zea_boss_nineveh_material.png
zea_boss_ninmah,ship,,,material,graphics/maps/ship_glib/zea_boss_ninmah_material.png
zea_boss_yukionna,ship,,,material,graphics/maps/ship_glib/zea_boss_yukionna_material.png
,,,,,
zea_dusk_ayakashi,ship,,,material,graphics/maps/ship_glib/zea_dusk_ayakashi_material.png
zea_dusk_funayurei,ship,,,material,graphics/maps/ship_glib/zea_dusk_funayurei_material.png
,,,,,
zea_dusk_hashihime,ship,,,material,graphics/maps/ship_glib/zea_dusk_hashihime_material.png
,,,,,
zea_deco_dusk_hashihime_front,hardpoint,,,material,graphics/maps/ship_glib/decos/zea_deco_dusk_hashihime_front_material.png
zea_deco_dusk_hashihime_front,turret,,,material,graphics/maps/ship_glib/decos/zea_deco_dusk_hashihime_front_material.png
zea_deco_dusk_hashihime_ml,hardpoint,,,material,graphics/maps/ship_glib/decos/zea_deco_dusk_hashihime_ml_material.png
zea_deco_dusk_hashihime_ml,turret,,,material,graphics/maps/ship_glib/decos/zea_deco_dusk_hashihime_ml_material.png
zea_deco_dusk_hashihime_mr,hardpoint,,,material,graphics/maps/ship_glib/decos/zea_deco_dusk_hashihime_mr_material.png
zea_deco_dusk_hashihime_mr,turret,,,material,graphics/maps/ship_glib/decos/zea_deco_dusk_hashihime_mr_material.png
zea_deco_dusk_hashihime_tl,hardpoint,,,material,graphics/maps/ship_glib/decos/zea_deco_dusk_hashihime_tl_material.png
zea_deco_dusk_hashihime_tl,turret,,,material,graphics/maps/ship_glib/decos/zea_deco_dusk_hashihime_tl_material.png
zea_deco_dusk_hashihime_tr,hardpoint,,,material,graphics/maps/ship_glib/decos/zea_deco_dusk_hashihime_tr_material.png
zea_deco_dusk_hashihime_tr,turret,,,material,graphics/maps/ship_glib/decos/zea_deco_dusk_hashihime_tr_material.png
,,,,,
zea_dusk_ikiryo,ship,,,material,graphics/maps/ship_glib/zea_dusk_ikiryo_material.png
,,,,,
zea_deco_dusk_ikiryo_tl,hardpoint,,,material,graphics/maps/ship_glib/decos/zea_deco_dusk_ikiryo_tl_material.png
zea_deco_dusk_ikiryo_tl,turret,,,material,graphics/maps/ship_glib/decos/zea_deco_dusk_ikiryo_tl_material.png
zea_deco_dusk_ikiryo_tr,hardpoint,,,material,graphics/maps/ship_glib/decos/zea_deco_dusk_ikiryo_tr_material.png
zea_deco_dusk_ikiryo_tr,turret,,,material,graphics/maps/ship_glib/decos/zea_deco_dusk_ikiryo_tr_material.png
,,,,,
zea_dusk_furaribi,ship,,,material,graphics/maps/ship_glib/zea_dusk_furaribi_material.png
zea_dusk_onryo,ship,,,material,graphics/maps/ship_glib/zea_dusk_onryo_material.png
zea_dusk_shiryo,ship,,,material,graphics/maps/ship_glib/zea_dusk_shiryo_material.png
zea_dusk_onibi,ship,,,material,graphics/maps/ship_glib/zea_dusk_onibi_material.png
zea_edf_kiyohime,ship,,,material,graphics/maps/ship_glib/zea_edf_kiyohime_material.png
zea_edf_mizuchi,ship,,,material,graphics/maps/ship_glib/zea_edf_mizuchi_material.png
zea_edf_ryujin,ship,,,material,graphics/maps/ship_glib/zea_edf_ryujin_material.png
zea_edf_seiryu,ship,,,material,graphics/maps/ship_glib/zea_edf_seiryu_material.png
zea_edf_suzaku,ship,,,material,graphics/maps/ship_glib/zea_edf_suzaku_material.png
zea_edf_wani,ship,,,material,graphics/maps/ship_glib/zea_edf_wani_material.png
,,,,,
zea_boss_nian,ship,,,material,graphics/maps/ship_glib/zea_boss_nian_material.png
,,,,,
zea_dawn_ao,ship,,,material,graphics/maps/ship_glib/zea_dawn_ao_material.png
zea_dawn_bixi,ship,,,material,graphics/maps/ship_glib/zea_dawn_bixi_material.png
zea_dawn_linggui,ship,,,material,graphics/maps/ship_glib/zea_dawn_linggui_material.png
zea_dawn_lushu,ship,,,material,graphics/maps/ship_glib/zea_dawn_lushu_material.png
zea_dawn_qilin,ship,,,material,graphics/maps/ship_glib/zea_dawn_qilin_material.png
zea_dawn_tianma,ship,,,material,graphics/maps/ship_glib/zea_dawn_tianma_material.png
zea_dawn_xuangui,ship,,,material,graphics/maps/ship_glib/zea_dawn_xuangui_material.png
,,,,,
zea_dawn_chiwen,ship,,,material,graphics/maps/ship_glib/fighters/zea_dawn_chiwen_material.png
zea_edf_shachi,ship,,,material,graphics/maps/ship_glib/fighters/zea_edf_shachi_material.png
zea_edf_shachihoko,ship,,,material,graphics/maps/ship_glib/fighters/zea_edf_shachihoko_material.png
zea_edf_kokakucho,ship,,,material,graphics/maps/ship_glib/fighters/zea_edf_kokakucho_material.png
zea_edf_onmoraki,ship,,,material,graphics/maps/ship_glib/fighters/zea_edf_onmoraki_material.png
zea_edf_itsumade,ship,,,material,graphics/maps/ship_glib/fighters/zea_edf_itsumade_material.png
,,,,,
#its really gun,,,,,
kol_bricole,hardpoint,,,material,graphics/maps/weapon_glib/zea_edf_arbalest_hardpoint_base_material.png
kol_bricole,hardpointbarrel,,,material,graphics/maps/weapon_glib/zea_edf_arbalest_hardpoint_recoil_material.png
kol_bricole,turret,,,material,graphics/maps/weapon_glib/zea_edf_arbalest_turret_base_material.png
kol_bricole,turretbarrel,,,material,graphics/maps/weapon_glib/zea_edf_arbalest_turret_recoil_material.png
,,,,,
#can you hear,,,,,
zea_edf_tamamo,ship,,,surface,graphics/maps/ship_glib/zea_edf_tamamo_surface.png
zea_edf_kitsunebi,ship,,,surface,graphics/maps/ship_glib/fighters/zea_edf_kitsunebi_surface.png
,,,,,
zea_deco_edf_tamamo_ml,hardpoint,,,surface,graphics/maps/ship_glib/decos/zea_deco_edf_tamamo_ml_surface.png
zea_deco_edf_tamamo_ml,turret,,,surface,graphics/maps/ship_glib/decos/zea_deco_edf_tamamo_ml_surface.png
zea_deco_edf_tamamo_mr,hardpoint,,,surface,graphics/maps/ship_glib/decos/zea_deco_edf_tamamo_mr_surface.png
zea_deco_edf_tamamo_mr,turret,,,surface,graphics/maps/ship_glib/decos/zea_deco_edf_tamamo_mr_surface.png
,,,,,
zea_boss_amaterasu,ship,,,surface,graphics/maps/ship_glib/zea_boss_amaterasu_surface.png
,,,,,
zea_deco_edf_amaterasu_front,hardpoint,,,surface,graphics/maps/ship_glib/decos/zea_deco_edf_amaterasu_front_surface.png
zea_deco_edf_amaterasu_front,turret,,,surface,graphics/maps/ship_glib/decos/zea_deco_edf_amaterasu_front_surface.png
zea_deco_edf_amaterasu_lights,hardpoint,,,surface,graphics/maps/ship_glib/decos/zea_deco_edf_amaterasu_lights_surface.png
zea_deco_edf_amaterasu_lights,turret,,,surface,graphics/maps/ship_glib/decos/zea_deco_edf_amaterasu_lights_surface.png
zea_deco_edf_amaterasu_l,hardpoint,,,surface,graphics/maps/ship_glib/decos/zea_deco_edf_amaterasu_l_surface.png
zea_deco_edf_amaterasu_l,turret,,,surface,graphics/maps/ship_glib/decos/zea_deco_edf_amaterasu_l_surface.png
zea_deco_edf_amaterasu_r,hardpoint,,,surface,graphics/maps/ship_glib/decos/zea_deco_edf_amaterasu_r_surface.png
zea_deco_edf_amaterasu_r,turret,,,surface,graphics/maps/ship_glib/decos/zea_deco_edf_amaterasu_r_surface.png
,,,,,
zea_boss_corruptingheart,ship,,,surface,graphics/maps/ship_glib/zea_boss_corruptingheart_surface.png
,,,,,
zea_deco_edf_corruptingheart_l,hardpoint,,,surface,graphics/maps/ship_glib/decos/zea_deco_edf_corruptingheart_l_surface.png
zea_deco_edf_corruptingheart_l,turret,,,surface,graphics/maps/ship_glib/decos/zea_deco_edf_corruptingheart_l_surface.png
zea_deco_edf_corruptingheart_r,hardpoint,,,surface,graphics/maps/ship_glib/decos/zea_deco_edf_corruptingheart_r_surface.png
zea_deco_edf_corruptingheart_r,turret,,,surface,graphics/maps/ship_glib/decos/zea_deco_edf_corruptingheart_r_surface.png
,,,,,
,,,,,
zea_boss_ninaya,ship,,,surface,graphics/maps/ship_glib/zea_boss_ninaya_surface.png
,,,,,
zea_deco_boss_ninaya_bridge,hardpoint,,,surface,graphics/maps/ship_glib/decos/zea_deco_boss_ninaya_bridge_surface.png
zea_deco_boss_ninaya_bridge,turret,,,surface,graphics/maps/ship_glib/decos/zea_deco_boss_ninaya_bridge_surface.png
zea_deco_boss_ninaya_front,hardpoint,,,surface,graphics/maps/ship_glib/decos/zea_deco_boss_ninaya_front_surface.png
zea_deco_boss_ninaya_front,turret,,,surface,graphics/maps/ship_glib/decos/zea_deco_boss_ninaya_front_surface.png
,,,,,
zea_boss_nineveh,ship,,,surface,graphics/maps/ship_glib/zea_boss_nineveh_surface.png
zea_boss_ninmah,ship,,,surface,graphics/maps/ship_glib/zea_boss_ninmah_surface.png
zea_boss_yukionna,ship,,,surface,graphics/maps/ship_glib/zea_boss_yukionna_surface.png
,,,,,
zea_dusk_ayakashi,ship,,,surface,graphics/maps/ship_glib/zea_dusk_ayakashi_surface.png
zea_dusk_funayurei,ship,,,surface,graphics/maps/ship_glib/zea_dusk_funayurei_surface.png
,,,,,
zea_dusk_hashihime,ship,,,surface,graphics/maps/ship_glib/zea_dusk_hashihime_surface.png
,,,,,
zea_deco_dusk_hashihime_front,hardpoint,,,surface,graphics/maps/ship_glib/decos/zea_deco_dusk_hashihime_front_surface.png
zea_deco_dusk_hashihime_front,turret,,,surface,graphics/maps/ship_glib/decos/zea_deco_dusk_hashihime_front_surface.png
zea_deco_dusk_hashihime_ml,hardpoint,,,surface,graphics/maps/ship_glib/decos/zea_deco_dusk_hashihime_ml_surface.png
zea_deco_dusk_hashihime_ml,turret,,,surface,graphics/maps/ship_glib/decos/zea_deco_dusk_hashihime_ml_surface.png
zea_deco_dusk_hashihime_mr,hardpoint,,,surface,graphics/maps/ship_glib/decos/zea_deco_dusk_hashihime_mr_surface.png
zea_deco_dusk_hashihime_mr,turret,,,surface,graphics/maps/ship_glib/decos/zea_deco_dusk_hashihime_mr_surface.png
zea_deco_dusk_hashihime_tl,hardpoint,,,surface,graphics/maps/ship_glib/decos/zea_deco_dusk_hashihime_tl_surface.png
zea_deco_dusk_hashihime_tl,turret,,,surface,graphics/maps/ship_glib/decos/zea_deco_dusk_hashihime_tl_surface.png
zea_deco_dusk_hashihime_tr,hardpoint,,,surface,graphics/maps/ship_glib/decos/zea_deco_dusk_hashihime_tr_surface.png
zea_deco_dusk_hashihime_tr,turret,,,surface,graphics/maps/ship_glib/decos/zea_deco_dusk_hashihime_tr_surface.png
,,,,,
zea_dusk_ikiryo,ship,,,surface,graphics/maps/ship_glib/zea_dusk_ikiryo_surface.png
,,,,,
zea_deco_dusk_ikiryo_tl,hardpoint,,,surface,graphics/maps/ship_glib/decos/zea_deco_dusk_ikiryo_tl_surface.png
zea_deco_dusk_ikiryo_tl,turret,,,surface,graphics/maps/ship_glib/decos/zea_deco_dusk_ikiryo_tl_surface.png
zea_deco_dusk_ikiryo_tr,hardpoint,,,surface,graphics/maps/ship_glib/decos/zea_deco_dusk_ikiryo_tr_surface.png
zea_deco_dusk_ikiryo_tr,turret,,,surface,graphics/maps/ship_glib/decos/zea_deco_dusk_ikiryo_tr_surface.png
,,,,,
zea_dusk_furaribi,ship,,,surface,graphics/maps/ship_glib/zea_dusk_furaribi_surface.png
zea_dusk_onryo,ship,,,surface,graphics/maps/ship_glib/zea_dusk_onryo_surface.png
zea_dusk_shiryo,ship,,,surface,graphics/maps/ship_glib/zea_dusk_shiryo_surface.png
zea_dusk_onibi,ship,,,surface,graphics/maps/ship_glib/zea_dusk_onibi_surface.png
zea_edf_kiyohime,ship,,,surface,graphics/maps/ship_glib/zea_edf_kiyohime_surface.png
zea_edf_mizuchi,ship,,,surface,graphics/maps/ship_glib/zea_edf_mizuchi_surface.png
zea_edf_ryujin,ship,,,surface,graphics/maps/ship_glib/zea_edf_ryujin_surface.png
zea_edf_seiryu,ship,,,surface,graphics/maps/ship_glib/zea_edf_seiryu_surface.png
zea_edf_suzaku,ship,,,surface,graphics/maps/ship_glib/zea_edf_suzaku_surface.png
zea_edf_wani,ship,,,surface,graphics/maps/ship_glib/zea_edf_wani_surface.png
,,,,,
zea_boss_nian,ship,,,surface,graphics/maps/ship_glib/zea_boss_nian_surface.png
,,,,,
zea_dawn_ao,ship,,,surface,graphics/maps/ship_glib/zea_dawn_ao_surface.png
zea_dawn_bixi,ship,,,surface,graphics/maps/ship_glib/zea_dawn_bixi_surface.png
zea_dawn_linggui,ship,,,surface,graphics/maps/ship_glib/zea_dawn_linggui_surface.png
zea_dawn_lushu,ship,,,surface,graphics/maps/ship_glib/zea_dawn_lushu_surface.png
zea_dawn_qilin,ship,,,surface,graphics/maps/ship_glib/zea_dawn_qilin_surface.png
zea_dawn_tianma,ship,,,surface,graphics/maps/ship_glib/zea_dawn_tianma_surface.png
zea_dawn_xuangui,ship,,,surface,graphics/maps/ship_glib/zea_dawn_xuangui_surface.png
,,,,,
zea_dawn_chiwen,ship,,,surface,graphics/maps/ship_glib/fighters/zea_dawn_chiwen_surface.png
zea_edf_shachi,ship,,,surface,graphics/maps/ship_glib/fighters/zea_edf_shachi_surface.png
zea_edf_shachihoko,ship,,,surface,graphics/maps/ship_glib/fighters/zea_edf_shachihoko_surface.png
zea_edf_kokakucho,ship,,,surface,graphics/maps/ship_glib/fighters/zea_edf_kokakucho_surface.png
zea_edf_onmoraki,ship,,,surface,graphics/maps/ship_glib/fighters/zea_edf_onmoraki_surface.png
zea_edf_itsumade,ship,,,surface,graphics/maps/ship_glib/fighters/zea_edf_itsumade_surface.png
,,,,,
#it work and it shoot,,,,,
kol_bricole,hardpoint,,,surface,graphics/maps/weapon_glib/zea_edf_arbalest_hardpoint_base_surface.png
kol_bricole,hardpointbarrel,,,surface,graphics/maps/weapon_glib/zea_edf_arbalest_hardpoint_recoil_surface.png
kol_bricole,turret,,,surface,graphics/maps/weapon_glib/zea_edf_arbalest_turret_base_surface.png
kol_bricole,turretbarrel,,,surface,graphics/maps/weapon_glib/zea_edf_arbalest_turret_recoil_surface.png
